question_id,cognitive_level,cognitive_atomic,question_prototype,question_text,answer_gen_rule,answer_instruction,answer_type,metric_type,Note
pd_0,Pattern,"PR,QC,PC",BG pattern forecasting,Predict during what time of the day will my blood glucose level be highest?,"The answer should be morning, afternoon, evening or night where morning is from 6AM to 12PM, afternoon is from 12PM to 6PM, evening is from 6PM to 12AM and night is from 12AM to 6AM. Use the data given to you to find which period has the highest count of having the highest glucose period across all the days and find the answer. For example across 10 days if the night period has the highest glucose across 5 days, afternoon 2 days, morning 2 days and evening 1 day then choose night. ","Examine the predicted glucose trajectory for the relevant future period and identify the time window in which the maximum glucose value occurs. Map that peak time to one of four buckets: morning (6AM–12PM), afternoon (12PM–6PM), evening (6PM–12AM), or night (12AM–6AM). Return only one of these four strings.",string,accuracy,The answer_gen_rule does not explain how to get the answer from the given 30-day data. Only input 24 days and mask the last 7 days as the ground truth? Or input 30 days and generate an additional 7 days as GT? Same for all answer_gen_rule
pd_1,Pattern,"PR,QC,PC",Short-term BG forecasting,Predict what my blood glucose level will be in 30 minutes?,Use the relevant information given and predict a valid blood glucose value,"Use the current glucose trend together with recent carbohydrate intake, recent insulin activity, and recent exercise effects to forecast the glucose value 30 minutes from now. Return a single plausible blood glucose value as a float.",float,sMAPE,
pd_2,Pattern,"PC,QC",Insulin demand forecasting,How much insulin will I consume next monday?,"Use the insulin consumed on the 1st, 8th and 15th of the month to predict the total insulin consumption for monday next week.","Find the total insulin consumed on the 1st, 8th, and 15th of the month, treat them as reference points for the same weekly position, infer the expected insulin pattern for the coming Monday, and predict the total insulin consumption for next Monday. Return a single numeric value.",float,sMAPE,
pd_3,Pattern,"PR,ER,QC",Snack impact forecasting,Will having a late night snack now push my sugar to higher limits (>180mg/dL)?,"Consider 5 hours post snack time for checking if the sugar will be higher than 180mg/dL at any point. If you think the sugar will be higher than 180mg/dL, answer 'Yes', otherwise answer 'No'","Assume the snack is consumed immediately. Forecast the glucose trajectory for the next 5 hours after the snack. If the predicted glucose exceeds 180 mg/dL at any point in that window, return Yes; otherwise return No.",string,accuracy,
pd_4,Pattern,QC,Time in range forecasting,what percentage of the day tomorrow will I stay in range (70-180) assuming i take my insulin correctly?,"Make a prediction based on the carb intake, insulin, blood glucose values and exercise events","Predict tomorrow’s glucose profile using expected carbohydrate intake, insulin effects, glucose trends, and exercise events, under the assumption that insulin is taken correctly. Compute the proportion of tomorrow during which predicted glucose stays within 70–180 mg/dL, and return that proportion as a percentage.",float,sMAPE,
pd_5,Pattern,"QC,PR",Exercise impact forecasting,Will my running exercise cause me to become hypoglycemic in the next 90 minutes if i start training now where I will run for 30 minutes?,"Take the current blood glucose values and assume the running exercise event immediately starts and predict if the blood glucose values will be lower than 70mg/dL in the next 90 minutes.If you think the blood glucose values will be lower than 70mg/dL, answer 'Yes', otherwise answer 'No'","Assume a running session starts now and lasts 30 minutes. Forecast blood glucose over the next 90 minutes from the current time. If the predicted glucose falls below 70 mg/dL at any point in that window, return Yes; otherwise return No.",string,accuracy,
pd_6,Pattern,"QC,PR",Meal impact forecasting,What will the glucose level be 1 hour after my breakfast? (Assume I am going to eat my breakfast right away),Take the current blood glucose values and assume the carbohydrate intake event immediately starts and predict the glucose level 1 hour after the carbohydrate intake. Return a float number for the glucose level 1 hour after the carbohydrate intake.,"Assume the breakfast carbohydrate intake starts immediately. Use the current glucose state, insulin activity, and typical meal-response pattern to predict the glucose value 1 hour after the meal starts. Return a single float value.",float,sMAPE,
pd_7,Pattern,"QC,PR",Exercise impact forecasting,What’s the expected glucose change 15 minutes after a morning run session?,Assume the running exercise event immediately starts and the running duration is 30 minutes. Predict the change in blood glucose values in the next 15 minutes after the run is completed. Return the change in blood glucose value as a float value,"Assume a running session starts immediately and lasts 30 minutes. Predict the glucose value at the end of the run, then predict the glucose value 15 minutes later. Return the signed glucose change as: glucose_(15 min after run) - glucose_(end of run) , return a float",float,sMAPE,
pd_8,Pattern,"QC,PR",Exercise impact forecasting,What’s the expected glucose change 1 hour after a evening cycling session?,Assume the cycling exercise event starts immedietly and the cycling duration is 20 minutes. Predict the change in blood glucose values in the next 60 minutes after the cycling session.,"Assume an evening cycling session starts immediately and lasts 20 minutes. Predict the glucose value at the end of the cycling session, then predict the glucose value 60 minutes later. Return the signed change: glucose_(60 min after cycling ends) - glucose_(end of cycling). Return a float",float,sMAPE,
pd_9,Pattern,"CA,QC,PR",Exercise impact forecasting,Which exercise is better for me to bring down blood sugar tomorrow - cycling or running?,Assume cycling is for 20 minutes and running is for 30 minutes. Return the exercise type that will bring down blood sugar the most.,"
Simulate tomorrow under two separate exercise scenarios from comparable starting conditions:

cycling for 20 minutes
running for 30 minutes
Estimate the glucose reduction caused by each exercise and return the exercise that produces the larger decrease in blood glucose. Return only cycling or running.",string,accuracy,
pd_10,Pattern,"PC,QC",Time in range forecasting,Is the patient likely to remain within 70–180 mg/dL for the rest of the day?,"Take the current glucose, insulin values, food intake and exercise events and predict if the blood glucose values will be lower than 70mg/dL or higher than 180mg/dL at any point from now until the end of the day. If you think the blood glucose values will be between 70mg/dL and 180mg/dL at all points from now until the end of the day, answer 'Yes', otherwise answer 'No'","Forecast the glucose trajectory from now until the end of the day using current glucose, insulin, food intake, and exercise information. If glucose is predicted to stay within 70–180 mg/dL for the entire remaining period, return Yes; otherwise return No.",string,accuracy,
pd_11,Pattern,"ER,QC,PR",Meal impact forecasting,"Given recent habits of having a heavy lunch (160-240) carbs, what is the most likely time of day the patient will experience a glucose spike tomorrow?",Predict the time index assuming time is between 12AM to 12AM where index goes from 0 to 288 where time is sampled every 5 minutes,"Assume tomorrow includes a heavy lunch of 160–240 carbs. Forecast tomorrow’s full-day glucose profile at 5-minute resolution. Identify the time index at which the most likely glucose spike occurs, where a spike corresponds to the highest predicted glucose point associated with that meal-response pattern. Return the time index only, using indices 0 to 288.",integer,sMAPE,
pd_12,Pattern,"CA,QC,PR",BG pattern forecasting,Will today’s glucose average be higher than tomorrows?,"Make a prediction on what the average glucose value will be for tomorrow   assuming its a normal day with breakfast, lunch, evening snack and dinner. Exercise activities invloves running and cycling. Compare the prediction with the average glucose value for today.","Compute or estimate today’s average glucose from today’s available values. Then predict tomorrow’s average glucose from expected glucose, meal, insulin, and exercise patterns. If today’s average is higher than tomorrow’s predicted average, return Yes; otherwise return No.",string,Accuracy,"The question lacks conditions. Maybe give some context, like if I eat 180 carbs tomorrow or have an exercise. Or as my usual activity pattern."
pd_13,Pattern,"ER,QC,PR",Insulin demand forecasting,Will I need a correction insulin dose in the next 2 hours?,Predict if a user has to take an insulin dose in the next 2 hours.,"Forecast glucose over the next 2 hours using the current glucose level, recent insulin activity, recent food intake, and expected trend. Infer whether glucose is likely to remain sufficiently high or rise enough that a correction insulin dose would be needed. If a correction is likely needed, return Yes; otherwise return No.",string,Accuracy,
pd_14,Pattern,"ER,QC,PR",BG pattern forecasting,Will I experience a sudden glucose swing of more than 60 mg/dL in the next 4 hours?,Predict if the blood glucose might go up by more than 60 mg/dL or go down by more than 60 mg/dL in the next 4 hours from the current value.,"Use the current glucose value as the baseline and forecast glucose over the next 4 hours. Check whether the predicted glucose goes up by more than 60 mg/dL from the current value or down by more than 60 mg/dL from the current value at any time in that window. If either happens, return Yes; otherwise return No.",string,Accuracy,
pd_15,Pattern,"QC,ER,PR",Snack impact forecasting,"Based on my current blood glucose levels and insulin dose taken, should I eat a snack to ensure my glucose stays in range between 12AM-6AM?",Predict if the patient should eat a snack to ensure their glucose stays in range between 12AM-6AM,"Project the overnight glucose trajectory for the 12AM–6AM window using the current glucose level, active insulin, and recent intake. Infer whether an additional snack is needed to prevent glucose from dropping out of range, especially below 70 mg/dL, while still keeping glucose within 70–180 mg/dL overnight. Return Yes if a snack is likely needed; otherwise return No.",string,Accuracy,
pd_17,Pattern,"CA,QC,ER,PR",Meal impact forecasting,Predict if my blood sugar will go up faster during lunch time (9AM-1PM) or dinner time (6PM-10PM) tomorrow?,Predict if adjacent time periods with the highest glucose change will be during lunch time (9-1PM) or dinner time (6-10PM). Return a string value of 'lunch' or 'dinner' where 'lunch' means that the blood sugar will go up faster during lunch time (9-1PM) and 'dinner' means that the blood sugar will go up faster during dinner time (6-10PM).,Forecast tomorrow’s glucose profile and compute the largest adjacent-interval glucose increase within the lunch window (9AM–1PM) and within the dinner window (6PM–10PM). Compare the strongest upward rate of change in the two windows. Return lunch if the faster rise occurs during lunch time; otherwise return dinner.,string,Accuracy,
pd_18,Pattern,"QC,CA,PR",Insulin demand forecasting,Will i need more or less insulin than the average insulin consumption in this coming week?,You will be given the first 3 weeks of data. Calculate the average insulin consumption for the first 3 weeks and predict the future average insulin consumption for the next week assuming similar behavior and compare. Return a string value of 'more' or 'less' where 'more' means that the user will need more insulin than average in this coming week and 'less' means that the user will need less insulin than average in this coming week.,Calculate the average insulin consumption over the first 3 weeks of historical data. Then predict the average insulin consumption for the coming week. Compare the predicted coming-week average with the historical 3-week average. Return more if the coming week is predicted to require more insulin; otherwise return less.,string,Accuracy,Also lack context
pd_19,Pattern,"QC,ER,PR",Insulin demand forecasting,"if i take insulin now, how much will my blood glucose come down in the next 2 hours?",Assume that insulin will start working immediately based on the dosage given and predict the blood glucose level in the next 2 hours.,"Assume insulin is taken immediately and starts acting right away. Forecast the blood glucose value 2 hours from now under that assumption. Compute the glucose reduction as:
current_glucose - predicted_glucose_(2 hours later)
Return that value as a float. Positive values indicate a drop; negative values indicate an increase instead of a drop.",float,sMAPE,Lack insulin dosage
pd_20,Pattern,"QC,ER,PR",Nocturnal BG forecasting,How many hours of stable glucose levels can I expect overnight? (12AM-6AM),"Based on the data, predict the number of hours during the 12AM–6AM window when blood glucose will stay within a stable range (70-180 mg/dL). Return an integer value of number of hours where the blood glucose level is stable.",Forecast glucose values during the 12AM–6AM overnight window. Count how long glucose is predicted to remain within the stable range of 70–180 mg/dL. Convert the total in-range duration into whole hours and return the result as an integer.,int,sMAPE,