question_id,cognitive_level,cognitive_atomic,question_prototype,question_text,answer_generation_rule,answer_instruction,answer_type,metric,note,
pm_0,Descriptive,QC,Average Glucose Reading,What was the patient's average blood glucose level?,Calculate the mean of all blood glucose values.,Compute the mean of all glucose readings; round to one decimal.,float,sMAPE,,
pm_1,Descriptive,QC,Maximum Glucose Reading,What was the highest blood glucose level recorded?,Find the maximum value in the blood glucose array.,Scan all glucose readings to identify the maximum value. Report it as a float rounded to one decimal place,float,sMAPE,,
pm_2,Descriptive,QC,Minimum Glucose Reading,What was the lowest blood glucose level recorded?,Find the minimum value in the blood glucose array.,Scan all glucose readings to identify the minimum value. Report it as a float rounded to one decimal place,float,sMAPE,,
pm_3,Memory,"QC,TR",Time of Maximum,When did the patient experience their highest blood glucose peak?,Find the index of the maximum glucose value and convert to time in minutes.,"Scan all glucose readings to identify the maximum value. Locate the index of its first occurrence and multiply by 5 to convert to minutes, and report the corresponding minutes.",int,sMAPE,"More like ER, retrieve based on 'highest glucose level' event instead of an indicated time interval","YM: After identifying the highest glucose level, the model needs to return the temporal information (TR)"
pm_4,Descriptive,QC,Time in range,How many hours did the patient spend in the target range (70-180 mg/dL)?,"Count minutes where glucose values are between 70-180 mg/dL, then convert to hours.","Count the number of glucose readings between 70 and 180 mg/dL (inclusive), multiply by 5 to get minutes, then convert to hours and round to one decimal.",float,sMAPE,,
pm_5,Descriptive,QC,Time above range,How many hours did the patient spend above the target range (> 180 mg/dL)?,"Count minutes where glucose values are above 180 mg/dL (do not include 180), then convert to hours.","Identify all glucose readings strictly greater than 180 mg/dL (exclude 180), count the number of such readings, multiply by 5 to convert the count to minutes, then divide by 60 to convert to hours and round to one decimal place.",float,sMAPE,,
pm_6,Descriptive,QC,Time below range,How many hours did the patient spend below the target range (< 70 mg/dL)?,"Count minutes where glucose values are below 70 mg/dL (not including 70), then convert to hours.","Identify all glucose readings strictly less than 70 mg/dL (exclude 70), count the number of such readings, multiply by 5 to convert the count to minutes, then divide by 60 to convert to hours and round to one decimal place.",float,sMAPE,,
pm_7,Descriptive,QC,Hypoglycemic Events,How many hypoglycemic events (BG < 70 mg/dL) did the patient experience?,Count the total number of blood glucose readings that are below 70 mg/dL (not including 70). Return the count as an integer.,"Identify all glucose readings strictly less than 70 mg/dL (exclude 70), count the total number of such readings, and return this count as an integer.",int,sMAPE,"The answer is to count the number of low BG readings, but the question is about events. Should the event mean aggregate the consecutive readings into 1 count?",I think both make sense. It should be fine as long as the instructions align with the ground truth construction.
pm_8,Descriptive,QC,Hyperglycemia Events,How many hyperglycemic events (BG > 180 mg/dL) did the patient experience?,Count the total number of blood glucose readings that are above 180 mg/dL (not including 180). Return the count as an integer.,"Identify all glucose readings strictly greater than 180 mg/dL (exclude 180), count the total number of such readings, and return this count as an integer.",int,sMAPE,Same as above,
pm_9,Descriptive,QC,Standard deviation,What was the standard deviation of the patient's glucose levels?,Calculate the standard deviation of all blood glucose values.,Compute the standard deviation of all glucose readings; round to one decimal.,float,sMAPE,,
pm_10,Descriptive,QC,Time in range,What's the time-in-range percentage for this patient?,"Divide time in range (70-180 mg/dL) by total time, multiply by 100.","Calculate the proportion of glucose readings between 70 and 180 mg/dL (inclusive), multiply by 100 to get percentage, and round to one decimal place.",float,sMAPE,,
pm_11,Descriptive,QC,Time above range,What's the time-above-range percentage for this patient?,"Divide time above range (> 180 mg/dL not including 180) by total time, multiply by 100.","Calculate the proportion of glucose readings strictly greater than 180 mg/dL (exclude 180) relative to the total number of readings, multiply by 100 to obtain the percentage, and round to one decimal place.",float,sMAPE,,
pm_12,Descriptive,QC,Time below range,What's the time-below-range percentage for this patient?,"Divide time below range (< 70 mg/dL not including 70) by total time, multiply by 100.","Calculate the proportion of glucose readings strictly less than 70 mg/dL (exclude 70) relative to the total number of readings, multiply by 100 to obtain the percentage, and round to one decimal place.",float,sMAPE,,
pm_13,Descriptive,"QC,CA",Rapid Glucose Fluctuations,Did the patient experience any rapid glucose fluctuations (>2 mg/dL/min)?,"Calculate rate of change between consecutive readings, check if any exceed 2 mg/dL/min. Return 'Yes' if any glucose change exceeds 2 mg/dL/min, otherwise return 'No'.","For each pair of consecutive glucose readings, compute the rate of change by subtracting the earlier value from the later value and dividing by the time interval in minutes between the readings, take the absolute value of each rate, check whether any rate exceeds 2 mg/dL/min, and return ""Yes"" if at least one does, otherwise return ""No"".",categorical,Accuracy,Not very sure this one involves CA. It doesn't seem to need comparison between episodes.,It compares with baseline at the end.
pm_14,Memory,"TR,QC",Average Glucose Reading,"What was the average glucose reading between 2-4pm on week 3, day 5?","Filter readings for 2-4 pm on week 3, day 5 and compute the mean.","Extract glucose readings from 2-4 pm for {day_name}, compute the mean, and round to one decimal place.",float,sMAPE,,
pm_15,Memory,"TR,QC,CA",Stable Glucose Days,What are the days where glucose are consistently stable?,Return a list of day indices (1-based) where glucose coefficient of variation is lower than 36.,"For each day, calculate the coefficient of variation by dividing the standard deviation of that day’s glucose values by the mean glucose for that day and multiplying by 100, identify all days where this value is less than 36, and return their day indices using 1-based numbering as a list, e.g., [1, 3, 5].",list,F1,"Not sure include CA, and it looks like ER. Should this metric use Accuracy? Affinity-F1 used for the time interval, accuracy used for category/list of category","It compares with baseline at the end. Acc would be too rigorous. F1, which takes into account precision and recall, would be more suitable."
pm_16,Memory,"TR,QC,CA",Most Variable Glucose Day,On which day was the patient's glucose most variable?,Return the day index (1-based) with the highest coefficient of variation on that day.,"For each day, calculate the coefficient of variation by dividing the standard deviation of that day’s glucose values by the mean glucose for that day and multiplying by 100, compare these daily values across all days, and return the 1-based day index of the day with the highest coefficient of variation.",int,Accuracy,ER instead TR,ER should be events relevant. TR is more like locating the temporal window/timestamp. In this case temporal window for each day.
pm_17,Memory,"TR,QC,CA",Most Stable Glucose Day,On which day was the patient's glucose most stable?,Return the day index (1-based) with the lowest coefficient of variation on that day.,"For each day, calculate the coefficient of variation by dividing the standard deviation of that day’s glucose values by the mean glucose for that day and multiplying by 100, compare these daily values across all days, and return the 1-based day index of the day with the lowest coefficient of variation.",int,Accuracy,Same.,
pm_18,Memory,"TR,QC,CA",Glucose Variability by Time,Was glucose variability higher in the mornings or afternoons?,"Calculate standard deviations of glucose values for 6am–12pm and 12pm–6pm periods across all days, and compare the averages.","For each day, separate glucose readings into the 6am–12pm period and the 12pm–6pm period, calculate the standard deviation of glucose values for each period on each day, compute the average standard deviation across all days for each time period, and compare the two averages to determine which period shows greater glucose variability. Select one of the following options based on which period has higher glucose variability: 'morning', 'afternoon', or 'equal in both'.",categorical,Accuracy,This looks like a fall at the pattern level. Involve PM,It don't think we should mix cognitive reasoning with task acting.
pm_19,Memory,"TR,QC,CA",Glucose Stability by Time,Are my glucose trends more stable on weekdays or weekend for the first week?,Compare the glucose coefficient of variation on weekdays versus weekends.,"Compare the glucose coefficient of variation on weekdays versus weekends. Select one of the following options based on which period has lower coefficient: 'weekdays', 'weekend', or 'equal in both'.",categorical,Accuracy,This looks like a fall at the pattern level. Involve PM,
pm_20 (removed from calculation as it is too hard to compare values),Memory,,,"How did the patient's blood glucose respond to breakfast on week 2, day 7?",Compare baseline glucose at meal time to maximum value in post-meal window (3 hours) on {day_name}.,"Return a dictionary containing the baseline glucose value (the glucose value immediately before the meal), the peak glucose value, and the time of the peak (in minutes from the start) within the 3-hour post-meal window on week 2, day 7. Use the keys 'Baseline', 'Peak', and 'Peak_time'.",dict,"{'Baseline': 'sMAPE', 'Peak': 'sMAPE', 'Peak_time': 'sMAPE'}",,
pm_21,Memory,"ER,TR,QC",Postprandial peak glucose,"What was the peak glucose level after lunch on week 3, day 2?","Find maximum glucose value in the post-lunch window (3 hours) on week 3, day 2.","Identify the data corresponding to week 3, day 2, locate the lunch time for that day, select all glucose readings within the 3-hour window following lunch, find the maximum glucose value among those readings, and return it as a float rounded to one decimal place.",float,sMAPE,,
pm_22,Memory,"ER,TR,QC,TR",Postprandial time to baseline,"How long did it take for glucose levels to return to baseline after dinner on week 3, day 7?","Find first time after peak when glucose returns to within 10% of pre-meal baseline on week 3, day 7, and calculate how long it took in minutes.","Identify week 3, day 7 and locate the dinner time, record the baseline glucose as the value immediately before dinner, select all glucose readings within the 3-hour post-dinner window, find the peak glucose value and its timestamp within this window, then examine subsequent readings after the peak to find the first time point where glucose falls within ±10% of the baseline value, compute the time difference in minutes between the meal time (or peak time if specified) and this return time, and return this duration; if no such point exists within the 3-hour window, return None.",int,sMAPE,2 TR here. ,ER(identify event dinner)->TR(locate time window)->QC->TR(return the time spent to return to baseline)
pm_23,Memory,"ER,TR,QC,CA",Postprandial glucose rise,"Which meal caused the highest glucose rise on week 2, day 3?","Compare spike (peak minus baseline) values for all meals in post-meal window (3 hours) to find largest increase on week 2, day 3.","Identify week 2, day 3 and locate the times of breakfast, lunch, and dinner, for each meal record the baseline glucose as the value immediately before the meal, select glucose readings within the 3-hour post-meal window, compute the glucose rise as the difference between the maximum glucose value in the window and the baseline, compare the glucose rise across the three meals, and return the meal name ('breakfast', 'lunch', or 'dinner') corresponding to the largest glucose rise.",categorical,Accuracy,"Spike means a sudden and discontinuous rise or drop and recovery back to its previous value. In this context, it seems just a slow and continuous rise. Is ""Which meal caused the highest glucose rise on week 2, day 3?"" more proper? Also, in the answer instruction. ",make sense
pm_24,Memory,"ER,TR,QC",Postprandial glucose change rate,"What was the glucose rise rate after the morning snack on week 4, day 1?","Calculate rate of increase from baseline to 30-minute post-meal glucose on week 4, day 1.","Identify week 4, day 1 and locate the morning snack time, record the baseline glucose as the value immediately before the snack, find the glucose value at 30 minutes after the snack, compute the rate of increase as (glucose at 30 minutes minus baseline) divided by 30 minutes, and return the result rounded to one decimal places.",float,sMAPE,,
pm_25,Memory,"ER,TR,QC,CA",Postprandial glucose rise,List all days with a carb-heavy dinner and the corresponding glucose rise.,Find days where the dinner meal has 80 or more carbs and report the glucose spike after dinner as (peak - baseline) in a 3 hour time window.,"Find days where the dinner meal has 80 or more carbs. For each such day, calculate the glucose rise within the 3-hour post-dinner window, defined as the difference between the peak glucose level and the baseline value (the glucose measurement immediately before dinner). Return the results as a list of tuples, where each tuple contains the day number (1–30) and the glucose rise value rounded to one decimal place.","list of tuples (int, float)",F1,Same for 'spike'. Also seems to apply to Accuracy,
pm_26,Memory,"ER,TR,QC",Postprandial glucose peak,"What was the peak glucose level after lunch on week 4, day 1?","Find maximum glucose value in the post-lunch window (3 hours) on week 4, day 1.","Identify week 4, day 1 and locate the lunch time, select all glucose readings within the 3-hour post-lunch window, find the maximum glucose value among those readings, and return it as a float rounded to one decimal place.",float,sMAPE,,
"pm_27 (same to pm_23, should remove)",Memory,,Postprandial glucose rise,"Which meal caused the highest glucose rise on week 1, day 2?","Compare 'spike' (peak - baseline) values for breakfast, lunch, and dinner in post-meal window (3 hours) on week 1, day 2. Select the meal with the highest spike.","Identify week 1, day 2 and locate breakfast, lunch, and dinner times, for each meal record the baseline glucose as the value immediately before the meal, select glucose readings within the 3-hour post-meal window, compute the spike as the difference between the maximum glucose value in the window and the baseline, compare the spikes across the three meals, and return the meal name corresponding to the largest spike: 'breakfast', 'lunch', or 'dinner'.",categorical,Accuracy,Same for 'Spike',
pm_28,Memory,"ER,TR,QC",Exercise glucose peak,"What was the peak glucose level during exercise on week 3, day 5?","Find the maximum glucose level during the exercise period on week 3, day 5.","Identify week 3, day 5 and locate the start and end times of the exercise session, select all glucose readings that occur during this exercise period, find the maximum glucose value among those readings, and return it as a float rounded to one decimal place.",float,sMAPE,,
pm_29,Memory,"ER,TR,QC",Exercise lowest glucose,"What was the lowest glucose level during exercise on week 4, day 7?","Find the minimum glucose level during the exercise period on week 4, day 7.","Identify week 4, day 7 and locate the start and end times of the exercise session, select all glucose readings that occur during this exercise period, find the minimum glucose value among those readings, and return it as a float rounded to one decimal place.",float,sMAPE,,
pm_30,Memory,"ER,TR,QC",Exercise lowest glucose,"What was the lowest glucose level after exercise on week 3, day 2?","Find the minimum glucose value within 180 minutes after exercise ends on week 3, day 2.","Identify week 3, day 2 and locate the end time of the exercise session, select all glucose readings within the 180-minute window following the end of exercise, find the minimum glucose value among those readings, and return it as a float rounded to one decimal place.",float,sMAPE,,
pm_31,Memory,"ER,TR,QC",Exercise glucose change rate,"What was the glucose rate of change after exercise on week 5, day 2?","Calculate the rate of glucose change in the first 60 minutes after exercise on week 5, day 2.","Identify week 5, day 2 and locate the exercise session, record the baseline glucose as the value immediately before exercise starts, find the first glucose measurement at or after the exercise end time, compute the rate of change by subtracting the baseline value from this post-exercise glucose value and dividing by the elapsed time in minutes between the two measurements, and return the result rounded to one decimal place.",float,sMAPE,,
pm_32,Memory,"ER,TR,QC,TR",Exercise time to baseline,"How long did it take for glucose levels to return to baseline after exercise on week 5, day 2?","Find the first time after exercise ends when glucose returns to within 10% of the pre-exercise baseline on week 5, day 2.","Identify week 5, day 2 and locate the exercise session, record the pre-exercise baseline as the glucose value immediately before exercise starts, select all glucose readings within the 2-hour window after exercise ends, find the first reading in this window whose glucose value falls within ±10% of the baseline, calculate the time difference in minutes between the exercise end time and that reading, and return this duration; if no such reading occurs within the 2-hour window, return None.",int,sMAPE,"2 TR here. I guess it means the reasoning chain, but it can reflect in the answer instruction, and here we just label involved atomic reasoning abilities?",We can have two columns in this case
pm_33,Memory,"ER,TR,QC",Exercise glucose average,"What was the patient's average glucose level within 1 hour after reported exercise on week 1, day 3?","Compute the average glucose value for the 60 minutes following the end of exercise on week 1, day 3.","Identify week 1, day 3 and locate the end time of the exercise session, select all glucose readings within the 1-hour window immediately following exercise end, calculate the average of those glucose values, and return the result as a float rounded to one decimal place.",float,sMAPE,,
pm_34,Memory,"ER,TR,QC",Exercise glucose average,"What was the patient's average glucose level during reported exercise on week 1, day 2?","Compute the average glucose value during exercise on week 1, day 2.","Identify week 1, day 2 and locate the start and end times of the exercise session, select all glucose readings that occur during the exercise period, calculate the average of those glucose values, and return the result as a float rounded to one decimal place.",float,sMAPE,,
pm_35,Memory,"ER,TR,QC",Exercise glucose drop,"What was the maximum glucose drop following activity on week 5, day 1?","Subtract the lowest post-exercise glucose value within 2 hour time window from the pre-exercise baseline on week 5, day 1.","Identify week 5, day 1 and locate the exercise session, record the pre-exercise baseline as the glucose value immediately before exercise starts, select all glucose readings within the 2-hour window after exercise ends, find the minimum glucose value in that window, subtract this minimum value from the baseline value, and return the result as a float rounded to one decimal place.",float,sMAPE,,
pm_36,Memory,"ER,TR,QC,TR",Exercise glucose drop,"How long after exercise did the patient's glucose reach its lowest point on week 2, day 5?","Find the time difference (in minutes) between exercise end and the 2-hour post-exercise glucose nadir on week 2, day 5.","Identify week 2, day 5 and locate the end time of the exercise session, select all glucose readings within the 2-hour window after exercise ends, find the minimum glucose value in that window and the first time it occurs, calculate the time difference in minutes between the exercise end time and that reading, and return the duration in minutes.",int,sMAPE,2 TR,
pm_37,Memory,"ER,TR,QC,CA",Exercise glucose stability,On which days does post-exercise glucose tend to be stable?,"For each day with exercise, compute the coefficient of variation (CV) of glucose levels in the 2-hour post-exercise window. If CV is below 36, classify the day as stable. Return a list of day index (1-based) in for which the 2 hour post-exercise glucose coefficient of variation was below 36.","Iterate over all days that contain an exercise session, for each day locate the end time of exercise, select all glucose readings within the 2-hour post-exercise window, calculate the coefficient of variation by dividing the standard deviation of those glucose values by their mean and multiplying by 100, identify the days where this value is less than 36, and return their 1-based day indices as a list.",list of int,F1,Accuracy?,
pm_38,Memory,"TR,QC,CA",Hypoglycemia,Did the patient spend less time in hypoglycemia in week 2 than in week 3?,"Sum minutes with glucose < 70 mg/dL in week 2 and week 3, then compare.Return 'yes' if week 2 has less hypoglycemia time than week 3; otherwise return 'no'.","Select all glucose readings from week 2 and count how many are strictly less than 70 mg/dL, convert that count to minutes of hypoglycemia, then do the same for week 3, compare the total hypoglycemia minutes between the two weeks, and return ""yes"" if week 2 has fewer hypoglycemia minutes than week 3; otherwise return ""no"".",categorical,Accuracy,,
pm_39,Memory,"TR,QC,CA",Stability,Which week had more stable blood glucose: week 1 or week 4?,Compare CV (SD/mean) of glucose readings from week 1 and week 4. Return 'week 1' or 'week 4' based on which has lower coefficient of variation (CV).,"Collect all glucose readings from week 1 and calculate their coefficient of variation by dividing the standard deviation by the mean and multiplying by 100, repeat the same calculation for week 4, compare the two CV values, and return ""week 1"" if week 1 has the lower coefficient of variation; otherwise return ""week 4"".",categorical,Accuracy,,
pm_40,Memory,"TR,QC,CA",Time in range,How did the patient's time in range change from week 1 to week 3?,"Compare % of readings in 70–180 mg/dL range between week 1 and week 3. Return 'increased', 'decreased', or 'no change' depending on how time in range changed.","For week 1, calculate the proportion of glucose readings between 70 and 180 mg/dL inclusive relative to the total number of readings and convert it to a percentage, then do the same for week 3, compare the two percentages, and return ""increased"" if week 3 is higher than week 1, ""decreased"" if week 3 is lower than week 1, or ""no change"" if they are equal.",categorical,Accuracy,,
pm_41,Descriptive,QC,Insulin dosage,What was the patient's total insulin dose?,"Sum all insulin amounts from insulin events. Return the sum of all insulin (including basal and bolus insulin) doses units across the weeks, rounded to one decimal place.","Identify all insulin events across the full monitoring period, including both basal and bolus insulin events, sum all recorded insulin amounts, and return the total rounded to one decimal place.",float,sMAPE,,
pm_42,Descriptive,"ER,QC,TR",Largest insulin dosage,When did the patient receive their largest insulin bolus?,Find the insulin event with the maximum insulin amount. Return the time of the largest bolus as minutes from start of monitoring period.,"Identify all insulin bolus events across the full monitoring period, find the bolus event with the largest insulin amount, determine its timestamp, convert that timestamp to minutes elapsed since the start of the monitoring period, and return that value.",int,sMAPE,Like ER,
pm_43,Memory,"TR,QC",Insulin dosage,What was the patient's total daily insulin dose on day 30?,"Sum all basal and bolus insulin amounts recorded throughout day 30, rounded to 1 decimal places. Return the total insulin dose (including basal and bolus insulin) on day 30, rounded to one decimal place.","Identify all basal and bolus insulin events occurring on day 30, sum their insulin amounts, and return the total insulin dose for that day rounded to one decimal place.",float,sMAPE,,
pm_44,Memory,"TR,QC",Largest insulin dosage,When did the patient receive their largest insulin bolus on day 4?,"Find the insulin bolus event with the highest insulin amount on day 4 and return its timestamp. Return the time of the largest bolus on day 4 as minutes from the start of the dataset (week1 day 1, 00:00).","Identify all insulin bolus events that occur on day 4, find the bolus with the largest insulin amount, determine its timestamp, convert that timestamp to minutes elapsed since the start of the dataset at week 1 day 1 00:00, and return that value.",int,sMAPE,,
pm_45,Memory,"TR,QC,CA",Insulin dosage,Does the patient use more insulin on weekends in the first week?,Calculate the average insulin doses for weekend (day 6 and day 7) of the first week. Compare with the average daily insulin use on weekdays (day 1 to 5) this week. If the weekend average is greater than weekday average. return 'Yes'; otherwise return 'No'.,"For week 1, calculate the total daily insulin dose for each day by summing all basal and bolus insulin amounts, compute the average daily insulin dose across the weekend days (day 6 and day 7), compute the average daily insulin dose across the weekdays (day 1 to day 5), compare the two averages, and return ""Yes"" if the weekend average is greater than the weekday average; otherwise return ""No"".",categorical,Accuracy,The question didn't indicate that the comparison target is weekdays.,Should be okay as the instruction says comparing between weekdays and weekends